title,url,time,{}
靳东王鸥同框,http://cache.baiducontent.com/c?m=9f65cb4a8c8507ed4fece763104a8023584380146bd7d1027fa3c2148e2f1c1f107be3b924290704a5c67c7001d9495af7f034713c7220b199ca884ad9ac925f75ce786a6459db0144dc0edfbd5151ca37e05efedc69f0bb8025e2d8c5a7d84322cd44757097f1fb4d7162dd1c81033093b1e93c022b10&p=9e769a4786cc40aa02f187685250&newp=882a9440ccdb1add1abe9b7c4b4292695912c10e3dd2c44324b9d71fd325001c1b69e3b823281603d4c6786c15e9241dbdb239256b553aafc0baca&user=baidu&fm=sc&query=%BD%F9%B6%AB%CD%F5%C5%B8%CD%AC%BF%F2&qid=b0685c060000d14e&p1=2,2019/12/24 11:45,"{'PER': ['王鸥', '靳东']}"
波音CEO辞职,http://www.baidu.com/link?url=3sWJbKeTArp29bQYBiCWN4j7qp-Z9xnpniU6ZyUrHXAHEpAVO081reVji2fzeD1bFrZ4oV_q4prz0f3uSE3-nK,2019/12/24/ 07:53:01,"{'LOC': ['美国'], 'ORG': ['波音公司'], 'PER': ['丹尼斯・米伦伯格', '戴夫・卡尔霍恩']}"
徐子珊退出娱乐圈,http://cache.baiducontent.com/c?m=9f65cb4a8c8507ed19fa950d100b8b315c1597634b868a4e23878448e435061e5a27beea7c714e5185d87f6503ad4b5feefb2b7235002bb49bc88e57dcbe952c258b2c3f671bf2124c8d0eafbc1c639e7e841fb4ef4fe8ad863084d9a3c4a95144bc52120b8be7fb291715ba7881622692d68e38144864befa3115e82f763ee82857c745ee96367906f1e1ac565bb02e&p=9961c45da4d912a05abd9b7f0e53&newp=8b2a9706c09450ff57ec9738545192695912c10e36d2c44324b9d71fd325001c1b69e3b823281603d4c6786c15e9241dbdb239256b5563a1ccd9&user=baidu&fm=sc&query=%D0%EC%D7%D3%C9%BA%CD%CB%B3%F6%D3%E9%C0%D6%C8%A6&qid=ee98284800010c81&p1=2,2019/12/24 10:31,"{'LOC': ['香港'], 'PER': ['徐子珊']}"
26日上演金环日食,http://www.baidu.com/link?url=4OT8f9bcxuWiXZFQetEMTH4VeKv1rpISQoYtONQ4jRs9V_I7hmjYMPc1Y8hCEQalwlwwbrKi_Fw0PzbjDPIvVa,2019/12/23 17:48,{'LOC': ['金环']}
冬至饺子,http://cache.baiducontent.com/c?m=9f65cb4a8c8507ed4fece763105392230e54f7396b87874e68d4e41dce204c413037bfa67d75405388d87f640aae4c5aecf02b71350627b39cc38f57deb9972f2b8c27306d1f804419d31ea9c05b7e9d76c710feaf6ebdfcaf6c87eb8f93895b44ba571209f1e7fd5e1765c978f1642693d08e391f4866bffa4664&p=8b2a971c95934eae5baad13d1300&newp=cb36c416d9c115ff57ec972c154092695912c10e36d2c44324b9d71fd325001c1b69e3b823281603d4c6786c15e9241dbdb239256b5574&user=baidu&fm=sc&query=%B6%AC%D6%C1%BD%C8%D7%D3&qid=db8fff130000ef1f&p1=2,2019/12/23 0:00,"{'LOC': ['丰润区', '姜家营乡'], 'ORG': ['杨家铺村委会', '杨家铺村志愿者服务队'], 'PER': ['侯亚新']}"
VG 夺冠,http://www.baidu.com/link?url=Fo0n7DQLHibP4hEVfU91iyBRz7L3vfJAQ1aoiVdw1HqBlsJSd-PFlsoZGAik7neZUrYMU7fGrgFca3LlvWe_Ma,2019/12/23 10:33,{'LOC': ['新加坡']}
王思聪被执行和解,http://cache.baiducontent.com/c?m=9d78d513d9d430d94f9993690c66c0176943f0122ba7d6020ea08449e3732b42501693ac26520772d7d20c6116d94b4b9cf22173471450c48cb9fe5dadcd855f2f9c60742e13dc07549158b8ca3538dc7cc71fa8b81990ebaa69cffdc5d3a8050e954e4427d1abd8045542d76cf21633e1a59d43085f12b9e63365ff5f6a289a2444bc40ffe1256e70dbb08202&p=b47ad10785cc43ff57eb96605a42&newp=8c6cc215d9c543b30be296294d0a92695912c10e3ad5c44324b9d71fd325001c1b69e3b823281603d4c6786c15e9241dbdb239256b553c&user=baidu&fm=sc&query=%CD%F5%CB%BC%B4%CF%B1%BB%D6%B4%D0%D0%BA%CD%BD%E2&qid=fd7d3bca000101c4&p1=2,2019/12/24 11:14,"{'PER': ['王思聪', '嘉兴Z', '王'], 'LOC': ['北京'], 'ORG': ['红星新闻', '北京市第二中级法院', 'B娱（湖州）文化发展中心']}"
刘銮雄太太消费,http://cache.baiducontent.com/c?m=9d78d513d9d430ac4f9993697912c0171c43f6612ba1a0027ea48439e2732831501792ac54520705a3d20d1316db394b9af52104341767f7c5c7d20c9bf985295c953a6b671cf1004f895eb8cb31749c7f8d09f4ae1de7baf53999acd6c4d82050ca51037a8bfb815c&p=b4769a47c8861ab10dbd9b7e7f&newp=882a950485cc43b50fa28c6f1e53d8265f15ed6328818b783b83d309c839074e4765e7b121251707d7ce68216cee1e1ee5a76a2476&user=baidu&fm=sc&query=%C1%F5%F6%C7%D0%DB%CC%AB%CC%AB%CF%FB%B7%D1&qid=d033139d00007326&p1=2,2019/12/24 11:26,"{'PER': ['刘銮雄', '甘比']}"
卡舒吉遇害案进展,http://www.baidu.com/link?url=BeVf8_nLTojFPti4Xm3xZK_slvwOpfGHicUw1s53gC12Oo-svzsrFA6GC5nU5dKSD2gT4U7qHSAufCa0tFcCyerUfOqMJRkkMKTcUOz_dee,2019/12/24 8:39,"{'ORG': ['沙特阿拉伯总检察院', '新华社', '美联沙特总检察院', '利雅得刑事法庭'], 'LOC': ['沙特'], 'PER': ['卡舒吉']}"
星际客机首飞失利,http://cache.baiducontent.com/c?m=9f65cb4a8c8507ed19fa950d100b8b315c1597634b8a8c4b2488c45f93131a1b506694ea7b3f4c539684613251b21801b6b6612e711e20b598c39f4aabb892352f893a652d40c0164e950ea8bf4d23c524935febb81990e0b66d87eb8f93895b44bc51120b85e7fb2b1765b978f1642693d28e39634860cafa4416e858073eee5057c042ee903779768ae1dc2c5bb259c7121480de37a74a62&p=84759a45d38303f90be296201e55&newp=9c3fda07c8934eaf5db0c7710f4292695912c10e36d6c44324b9d71fd325001c1b69e3b823281603d4c6786c15e9241dbdb239256b557d&user=baidu&fm=sc&query=%D0%C7%BC%CA%BF%CD%BB%FA%CA%D7%B7%C9%CA%A7%C0%FB&qid=e1669aff000634e7&p1=2,2019/12/23 8:56,"{'ORG': ['美国波音公司', '波音公司', '波音'], 'LOC': ['新墨西哥州', '美军', '白沙导弹靶场', '美国']}"
易烊千玺演唱会,http://www.baidu.com/link?url=qU-mc_FU20k5GiwnmdcDc62sDsnQlPvH-tn9v8a8WoT3zTcg-E3tuTk2-fUF-cAT,2019/12/23 17:00,"{'ORG': ['时代财经'], 'PER': ['易烊千玺'], 'LOC': ['上海']}"
腾讯新闻哥致歉,http://cache.baiducontent.com/c?m=9f65cb4a8c8507ed19fa950d100b92235c438014679d8b522083c85f93130a1c187bb0a62720130fd0c57c661cae4359ecfa3465377461eddd97d65e98e6d27e209f5645676af55664d00edfcf5124b137e658fede19f0cb8725e2a9c5d2af4323c044727f97f1fb4d7610dd1ef00340e6b1e942&p=986ac715d9c346b30be2963d4655&newp=c367c43785cc43ff57ed933a5f4f92695912c10e3cd0c44324b9d71fd325001c1b69e3b823281603d4c6786c15e9241dbdb239256b55&user=baidu&fm=sc&query=%CC%DA%D1%B6%D0%C2%CE%C5%B8%E7%D6%C2%C7%B8&qid=c8c8fcbd00010aa3&p1=2,2019/12/23 13:29,"{'ORG': ['腾讯', '腾讯新闻', '新闻哥'], 'LOC': ['广东']}"
冰川消融白色警钟,http://cache.baiducontent.com/c?m=9f65cb4a8c8507ed4fece763105392230e54f720679f974623818448e435061e5a36b0e07e750d07d9ce796c16af3e06acaf6866725e60e194dff849cacf993f5f8e30477a0b873105a26db8bf3632b02a872c9ab81897ad803084d8d7c4ae5f44b923127bf0e7fb2d1767be7886102695a7&p=896fc64ad48b1af54ebd9b780e40&newp=9e759a43d59c2de503be9b7c4f0892695912c10e37d2c44324b9d71fd325001c1b69e3b823281603d4c6786c15e9241dbdb239256b557fdbd193&user=baidu&fm=sc&query=%B1%F9%B4%A8%CF%FB%C8%DA%B0%D7%C9%AB%BE%AF%D6%D3&qid=9ab4aad20000f072&p1=2,2019/12/23 12:27,"{'LOC': ['冰岛', '奥克']}"
中国解禁日本牛肉,http://www.baidu.com/link?url=TQtpAbrZy7X7jDr_5Frt-_02U4nDwmjgjd2cQp10dOs6Jx32UPqqWzxkzsgk0X-UEnSfMkuiiMWZA54_YGIdOJzHH8xe0yMr7aqZ8k7BTT_,2019/12/24 10:36,"{'ORG': ['海关总署', '农业农村部'], 'LOC': ['日本', '中国']}"
北京第三场雪,http://www.baidu.com/link?url=-MATRjUDjVal2EM7-hQkRtCxWRO0kqCPhgODCtW7npz4gY3XMCr5eAMuGWNpwpVgry5KDCePwiDE45aMKw7U23RUTDmScD9arw6vVdkgPfy,2019/12/23 21:21,"{'LOC': ['北京', '通州区']}"
